<?xml version="1.0"?>
<skin version="1.0" name="urplay" author="Sveriges Utbildningsradio AB">

	<settings>
		<setting name="backcolor" value="0xFFFFFF" />
		<setting name="frontcolor" value="0xFFFFFF" />
		<setting name="lightcolor" value="0x000000" />
		<setting name="screencolor" value="0x000000" />
	</settings>

	<components>
		<component name="controlbar">
			<settings>
				<setting name="margin" value="10" />
				<setting name="fontsize" value="10" />
			</settings>

			<elements>
				<element name="background" src="background.gif" />
				<element name="capLeft" src="capLeft.gif" />
				<element name="capRight" src="capRight.gif" />
				<element name="shade" src="background.gif" />
				<element name="divider" src="divider.gif" />
								
				<element name="blankButton" src="blankButton.gif" />
				<element name="blankButtonOver" src="blankButton.gif" />
				
				<element name="playButton" src="playButton.gif" />
				<element name="playButtonOver" src="playButtonOver.gif" />
				
				<element name="pauseButton" src="pauseButton.gif" />
				<element name="pauseButtonOver" src="pauseButtonOver.gif" />

				<element name="timeSliderRail" src="timeSliderRail.gif" />      							
				<element name="timeSliderBuffer" src="timeSliderBuffer.gif" />
				<element name="timeSliderProgress" src="timeSliderProgress.gif" />
				<element name="timeSliderThumb" src="timeSliderThumb.png" />
				
				<element name="fullscreenButton" src="fullscreenButton.gif" />
				<element name="fullscreenButtonOver" src="fullscreenButtonOver.gif" />
				
				<element name="normalscreenButton" src="normalscreenButton.gif" />
				<element name="normalscreenButtonOver" src="normalscreenButtonOver.gif" />
				
				<element name="muteButton" src="muteButton.gif" />
				<element name="muteButtonOver" src="muteButtonOver.gif" />
				
				<element name="unmuteButton" src="unmuteButton.gif" />
				<element name="unmuteButtonOver" src="unmuteButtonOver.gif" />
				
				<element name="volumeSliderRail" src="volumeSliderRail.gif" />
				<element name="volumeSliderBuffer" src="volumeSliderBuffer.gif" />
				<element name="volumeSliderProgress" src="volumeSliderProgress.gif" />
			</elements>
		</component>
		
		<component name="display">
			<elements>
				<element name="background" src="background.png" />
				<element name="playIcon" src="playIcon.png" />
				<element name="muteIcon" src="muteIcon.png" />
				<element name="errorIcon" src="errorIcon.png" />
				<element name="bufferIcon" src="bufferIcon.png" />
			</elements>
		</component>
		
		<component name="dock">
			<elements>
				<element name="button" src="button.png" />
				<element name="buttonOver" src="button.png" />
			</elements>
		</component>
		
		<component name="playlist">
			<elements>
				<element name="item" src="item.png" />
				<element name="itemOver" src="itemOver.png" />
				<element name="sliderRail" src="sliderRail.png" />
				<element name="sliderThumb" src="sliderThumb.png" />
			</elements>
		</component>
	</components>

</skin>